Mã Khách Hàng,Họ và Tên,Email,Số Điện Thoại
CUST-100001,Nguyễn Văn An 1,khachhang1@dataflow.vn,0910000137
CUST-100002,Trần Thị Bình 2,khachhang2@dataflow.vn,0910000274
CUST-100003,Lê Hoàng Nam 3,khachhang3@dataflow.vn,0910000411
CUST-100004,Phạm Minh Đức 4,khachhang4@dataflow.vn,0910000548
CUST-100005,Vũ Thị Mai 5,khachhang5@dataflow.vn,0910000685
CUST-100006,Đặng Quốc Huy 6,khachhang6@dataflow.vn,0910000822
CUST-100007,Hoàng Thu Trang 7,khachhang7@dataflow.vn,0910000959
CUST-100008,Bùi Thanh Tùng 8,khachhang8@dataflow.vn,0910001096
CUST-100009,Đỗ Hải Yến 9,khachhang9@dataflow.vn,0910001233
CUST-100010,Ngô Quang Minh 10,khachhang10@dataflow.vn,0910001370
CUST-100011,Dương Bảo Ngọc 11,khachhang11@dataflow.vn,0910001507
CUST-100012,Lý Gia Bảo 12,khachhang12@dataflow.vn,0910001644
CUST-100013,Mai Phương Thảo 13,khachhang13@dataflow.vn,0910001781
CUST-100014,Hồ Đình Trọng 14,khachhang14@dataflow.vn,0910001918
CUST-100015,Trịnh Thúy Hằng 15,khachhang15@dataflow.vn,0910002055
CUST-100016,Nguyễn Văn An 16,khachhang16@dataflow.vn,0910002192
CUST-100017,Trần Thị Bình 17,khachhang17@dataflow.vn,0910002329
CUST-100018,Lê Hoàng Nam 18,khachhang18@dataflow.vn,0910002466
CUST-100019,Phạm Minh Đức 19,khachhang19@dataflow.vn,0910002603
CUST-100020,Vũ Thị Mai 20,khachhang20@dataflow.vn,0910002740
CUST-100021,Đặng Quốc Huy 21,khachhang21@dataflow.vn,0910002877
CUST-100022,Hoàng Thu Trang 22,khachhang22@dataflow.vn,0910003014
CUST-100023,Bùi Thanh Tùng 23,khachhang23@dataflow.vn,0910003151
CUST-100024,Đỗ Hải Yến 24,khachhang24@dataflow.vn,0910003288
CUST-100025,Ngô Quang Minh 25,khachhang25@dataflow.vn,0910003425
CUST-100026,Dương Bảo Ngọc 26,khachhang26@dataflow.vn,0910003562
CUST-100027,Lý Gia Bảo 27,khachhang27@dataflow.vn,0910003699
CUST-100028,Mai Phương Thảo 28,khachhang28@dataflow.vn,0910003836
CUST-100029,Hồ Đình Trọng 29,khachhang29@dataflow.vn,0910003973
CUST-100030,Trịnh Thúy Hằng 30,khachhang30@dataflow.vn,0910004110
CUST-100031,Nguyễn Văn An 31,khachhang31@dataflow.vn,0910004247
CUST-100032,Trần Thị Bình 32,khachhang32@dataflow.vn,0910004384
CUST-100033,Lê Hoàng Nam 33,khachhang33@dataflow.vn,0910004521
CUST-100034,Phạm Minh Đức 34,khachhang34@dataflow.vn,0910004658
CUST-100035,Vũ Thị Mai 35,khachhang35@dataflow.vn,0910004795
CUST-100036,Đặng Quốc Huy 36,khachhang36@dataflow.vn,0910004932
CUST-100037,Hoàng Thu Trang 37,khachhang37@dataflow.vn,0910005069
CUST-100038,Bùi Thanh Tùng 38,khachhang38@dataflow.vn,0910005206
CUST-100039,Đỗ Hải Yến 39,khachhang39@dataflow.vn,0910005343
CUST-100040,Ngô Quang Minh 40,khachhang40@dataflow.vn,0910005480
CUST-100041,Dương Bảo Ngọc 41,khachhang41@dataflow.vn,0910005617
CUST-100042,Lý Gia Bảo 42,khachhang42@dataflow.vn,0910005754
CUST-100043,Mai Phương Thảo 43,khachhang43@dataflow.vn,0910005891
CUST-100044,Hồ Đình Trọng 44,khachhang44@dataflow.vn,0910006028
CUST-100045,Trịnh Thúy Hằng 45,khachhang45@dataflow.vn,0910006165
CUST-100046,Nguyễn Văn An 46,khachhang46@dataflow.vn,0910006302
CUST-100047,Trần Thị Bình 47,khachhang47@dataflow.vn,0910006439
CUST-100048,Lê Hoàng Nam 48,khachhang48@dataflow.vn,0910006576
CUST-100049,Phạm Minh Đức 49,khachhang49@dataflow.vn,0910006713
CUST-100050,Vũ Thị Mai 50,khachhang50@dataflow.vn,0910006850
CUST-100051,Đặng Quốc Huy 51,khachhang51@dataflow.vn,0910006987
CUST-100052,Hoàng Thu Trang 52,khachhang52@dataflow.vn,0910007124
CUST-100053,Bùi Thanh Tùng 53,khachhang53@dataflow.vn,0910007261
CUST-100054,Đỗ Hải Yến 54,khachhang54@dataflow.vn,0910007398
CUST-100055,Ngô Quang Minh 55,khachhang55@dataflow.vn,0910007535
CUST-100056,Dương Bảo Ngọc 56,khachhang56@dataflow.vn,0910007672
CUST-100057,Lý Gia Bảo 57,khachhang57@dataflow.vn,0910007809
CUST-100058,Mai Phương Thảo 58,khachhang58@dataflow.vn,0910007946
CUST-100059,Hồ Đình Trọng 59,khachhang59@dataflow.vn,0910008083
CUST-100060,Trịnh Thúy Hằng 60,khachhang60@dataflow.vn,0910008220
CUST-100061,Nguyễn Văn An 61,khachhang61@dataflow.vn,0910008357
CUST-100062,Trần Thị Bình 62,khachhang62@dataflow.vn,0910008494
CUST-100063,Lê Hoàng Nam 63,khachhang63@dataflow.vn,0910008631
CUST-100064,Phạm Minh Đức 64,khachhang64@dataflow.vn,0910008768
CUST-100065,Vũ Thị Mai 65,khachhang65@dataflow.vn,0910008905
CUST-100066,Đặng Quốc Huy 66,khachhang66@dataflow.vn,0910009042
CUST-100067,Hoàng Thu Trang 67,khachhang67@dataflow.vn,0910009179
CUST-100068,Bùi Thanh Tùng 68,khachhang68@dataflow.vn,0910009316
CUST-100069,Đỗ Hải Yến 69,khachhang69@dataflow.vn,0910009453
CUST-100070,Ngô Quang Minh 70,khachhang70@dataflow.vn,0910009590
CUST-100071,Dương Bảo Ngọc 71,khachhang71@dataflow.vn,0910009727
CUST-100072,Lý Gia Bảo 72,khachhang72@dataflow.vn,0910009864
CUST-100073,Mai Phương Thảo 73,khachhang73@dataflow.vn,0910010001
CUST-100074,Hồ Đình Trọng 74,khachhang74@dataflow.vn,0910010138
CUST-100075,Trịnh Thúy Hằng 75,khachhang75@dataflow.vn,0910010275
CUST-100076,Nguyễn Văn An 76,khachhang76@dataflow.vn,0910010412
CUST-100077,Trần Thị Bình 77,khachhang77@dataflow.vn,0910010549
CUST-100078,Lê Hoàng Nam 78,khachhang78@dataflow.vn,0910010686
CUST-100079,Phạm Minh Đức 79,khachhang79@dataflow.vn,0910010823
CUST-100080,Vũ Thị Mai 80,khachhang80@dataflow.vn,0910010960
CUST-100081,Đặng Quốc Huy 81,khachhang81@dataflow.vn,0910011097
CUST-100082,Hoàng Thu Trang 82,khachhang82@dataflow.vn,0910011234
CUST-100083,Bùi Thanh Tùng 83,khachhang83@dataflow.vn,0910011371
CUST-100084,Đỗ Hải Yến 84,khachhang84@dataflow.vn,0910011508
CUST-100085,Ngô Quang Minh 85,khachhang85@dataflow.vn,0910011645
CUST-100086,Dương Bảo Ngọc 86,khachhang86@dataflow.vn,0910011782
CUST-100087,Lý Gia Bảo 87,khachhang87@dataflow.vn,0910011919
CUST-100088,Mai Phương Thảo 88,khachhang88@dataflow.vn,0910012056
CUST-100089,Hồ Đình Trọng 89,khachhang89@dataflow.vn,0910012193
CUST-100090,Trịnh Thúy Hằng 90,khachhang90@dataflow.vn,0910012330
CUST-100091,Nguyễn Văn An 91,khachhang91@dataflow.vn,0910012467
CUST-100092,Trần Thị Bình 92,khachhang92@dataflow.vn,0910012604
CUST-100093,Lê Hoàng Nam 93,khachhang93@dataflow.vn,0910012741
CUST-100094,Phạm Minh Đức 94,khachhang94@dataflow.vn,0910012878
CUST-100095,Vũ Thị Mai 95,khachhang95@dataflow.vn,0910013015
CUST-100096,Đặng Quốc Huy 96,khachhang96@dataflow.vn,0910013152
CUST-100097,Hoàng Thu Trang 97,khachhang97@dataflow.vn,0910013289
CUST-100098,Bùi Thanh Tùng 98,khachhang98@dataflow.vn,0910013426
CUST-100099,Đỗ Hải Yến 99,khachhang99@dataflow.vn,0910013563
CUST-100100,Ngô Quang Minh 100,khachhang100@dataflow.vn,0910013700
CUST-100101,Dương Bảo Ngọc 101,khachhang101@dataflow.vn,0910013837
CUST-100102,Lý Gia Bảo 102,khachhang102@dataflow.vn,0910013974
CUST-100103,Mai Phương Thảo 103,khachhang103@dataflow.vn,0910014111
CUST-100104,Hồ Đình Trọng 104,khachhang104@dataflow.vn,0910014248
CUST-100105,Trịnh Thúy Hằng 105,khachhang105@dataflow.vn,0910014385
CUST-100106,Nguyễn Văn An 106,khachhang106@dataflow.vn,0910014522
CUST-100107,Trần Thị Bình 107,khachhang107@dataflow.vn,0910014659
CUST-100108,Lê Hoàng Nam 108,khachhang108@dataflow.vn,0910014796
CUST-100109,Phạm Minh Đức 109,khachhang109@dataflow.vn,0910014933
CUST-100110,Vũ Thị Mai 110,khachhang110@dataflow.vn,0910015070
CUST-100111,Đặng Quốc Huy 111,khachhang111@dataflow.vn,0910015207
CUST-100112,Hoàng Thu Trang 112,khachhang112@dataflow.vn,0910015344
CUST-100113,Bùi Thanh Tùng 113,khachhang113@dataflow.vn,0910015481
CUST-100114,Đỗ Hải Yến 114,khachhang114@dataflow.vn,0910015618
CUST-100115,Ngô Quang Minh 115,khachhang115@dataflow.vn,0910015755
CUST-100116,Dương Bảo Ngọc 116,khachhang116@dataflow.vn,0910015892
CUST-100117,Lý Gia Bảo 117,khachhang117@dataflow.vn,0910016029
CUST-100118,Mai Phương Thảo 118,khachhang118@dataflow.vn,0910016166
CUST-100119,Hồ Đình Trọng 119,khachhang119@dataflow.vn,0910016303
CUST-100120,Trịnh Thúy Hằng 120,khachhang120@dataflow.vn,0910016440
CUST-100121,Nguyễn Văn An 121,khachhang121@dataflow.vn,0910016577
CUST-100122,Trần Thị Bình 122,khachhang122@dataflow.vn,0910016714
CUST-100123,Lê Hoàng Nam 123,khachhang123@dataflow.vn,0910016851
CUST-100124,Phạm Minh Đức 124,khachhang124@dataflow.vn,0910016988
CUST-100125,Vũ Thị Mai 125,khachhang125@dataflow.vn,0910017125
CUST-100126,Đặng Quốc Huy 126,khachhang126@dataflow.vn,0910017262
CUST-100127,Hoàng Thu Trang 127,khachhang127@dataflow.vn,0910017399
CUST-100128,Bùi Thanh Tùng 128,khachhang128@dataflow.vn,0910017536
CUST-100129,Đỗ Hải Yến 129,khachhang129@dataflow.vn,0910017673
CUST-100130,Ngô Quang Minh 130,khachhang130@dataflow.vn,0910017810
CUST-100131,Dương Bảo Ngọc 131,khachhang131@dataflow.vn,0910017947
CUST-100132,Lý Gia Bảo 132,khachhang132@dataflow.vn,0910018084
CUST-100133,Mai Phương Thảo 133,khachhang133@dataflow.vn,0910018221
CUST-100134,Hồ Đình Trọng 134,khachhang134@dataflow.vn,0910018358
CUST-100135,Trịnh Thúy Hằng 135,khachhang135@dataflow.vn,0910018495
CUST-100136,Nguyễn Văn An 136,khachhang136@dataflow.vn,0910018632
CUST-100137,Trần Thị Bình 137,khachhang137@dataflow.vn,0910018769
CUST-100138,Lê Hoàng Nam 138,khachhang138@dataflow.vn,0910018906
CUST-100139,Phạm Minh Đức 139,khachhang139@dataflow.vn,0910019043
CUST-100140,Vũ Thị Mai 140,khachhang140@dataflow.vn,0910019180
CUST-100141,Đặng Quốc Huy 141,khachhang141@dataflow.vn,0910019317
CUST-100142,Hoàng Thu Trang 142,khachhang142@dataflow.vn,0910019454
CUST-100143,Bùi Thanh Tùng 143,khachhang143@dataflow.vn,0910019591
CUST-100144,Đỗ Hải Yến 144,khachhang144@dataflow.vn,0910019728
CUST-100145,Ngô Quang Minh 145,khachhang145@dataflow.vn,0910019865
CUST-100146,Dương Bảo Ngọc 146,khachhang146@dataflow.vn,0910020002
CUST-100147,Lý Gia Bảo 147,khachhang147@dataflow.vn,0910020139
CUST-100148,Mai Phương Thảo 148,khachhang148@dataflow.vn,0910020276
CUST-100149,Hồ Đình Trọng 149,khachhang149@dataflow.vn,0910020413
CUST-100150,Trịnh Thúy Hằng 150,khachhang150@dataflow.vn,0910020550
CUST-100151,Nguyễn Văn An 151,khachhang151@dataflow.vn,0910020687
CUST-100152,Trần Thị Bình 152,khachhang152@dataflow.vn,0910020824
CUST-100153,Lê Hoàng Nam 153,khachhang153@dataflow.vn,0910020961
CUST-100154,Phạm Minh Đức 154,khachhang154@dataflow.vn,0910021098
CUST-100155,Vũ Thị Mai 155,khachhang155@dataflow.vn,0910021235
CUST-100156,Đặng Quốc Huy 156,khachhang156@dataflow.vn,0910021372
CUST-100157,Hoàng Thu Trang 157,khachhang157@dataflow.vn,0910021509
CUST-100158,Bùi Thanh Tùng 158,khachhang158@dataflow.vn,0910021646
CUST-100159,Đỗ Hải Yến 159,khachhang159@dataflow.vn,0910021783
CUST-100160,Ngô Quang Minh 160,khachhang160@dataflow.vn,0910021920
CUST-100161,Dương Bảo Ngọc 161,khachhang161@dataflow.vn,0910022057
CUST-100162,Lý Gia Bảo 162,khachhang162@dataflow.vn,0910022194
CUST-100163,Mai Phương Thảo 163,khachhang163@dataflow.vn,0910022331
CUST-100164,Hồ Đình Trọng 164,khachhang164@dataflow.vn,0910022468
CUST-100165,Trịnh Thúy Hằng 165,khachhang165@dataflow.vn,0910022605
CUST-100166,Nguyễn Văn An 166,khachhang166@dataflow.vn,0910022742
CUST-100167,Trần Thị Bình 167,khachhang167@dataflow.vn,0910022879
CUST-100168,Lê Hoàng Nam 168,khachhang168@dataflow.vn,0910023016
CUST-100169,Phạm Minh Đức 169,khachhang169@dataflow.vn,0910023153
CUST-100170,Vũ Thị Mai 170,khachhang170@dataflow.vn,0910023290
CUST-100171,Đặng Quốc Huy 171,khachhang171@dataflow.vn,0910023427
CUST-100172,Hoàng Thu Trang 172,khachhang172@dataflow.vn,0910023564
CUST-100173,Bùi Thanh Tùng 173,khachhang173@dataflow.vn,0910023701
CUST-100174,Đỗ Hải Yến 174,khachhang174@dataflow.vn,0910023838
CUST-100175,Ngô Quang Minh 175,khachhang175@dataflow.vn,0910023975
CUST-100176,Dương Bảo Ngọc 176,khachhang176@dataflow.vn,0910024112
CUST-100177,Lý Gia Bảo 177,khachhang177@dataflow.vn,0910024249
CUST-100178,Mai Phương Thảo 178,khachhang178@dataflow.vn,0910024386
CUST-100179,Hồ Đình Trọng 179,khachhang179@dataflow.vn,0910024523
CUST-100180,Trịnh Thúy Hằng 180,khachhang180@dataflow.vn,0910024660
CUST-100181,Nguyễn Văn An 181,khachhang181@dataflow.vn,0910024797
CUST-100182,Trần Thị Bình 182,khachhang182@dataflow.vn,0910024934
CUST-100183,Lê Hoàng Nam 183,khachhang183@dataflow.vn,0910025071
CUST-100184,Phạm Minh Đức 184,khachhang184@dataflow.vn,0910025208
CUST-100185,Vũ Thị Mai 185,khachhang185@dataflow.vn,0910025345
CUST-100186,Đặng Quốc Huy 186,khachhang186@dataflow.vn,0910025482
CUST-100187,Hoàng Thu Trang 187,khachhang187@dataflow.vn,0910025619
CUST-100188,Bùi Thanh Tùng 188,khachhang188@dataflow.vn,0910025756
CUST-100189,Đỗ Hải Yến 189,khachhang189@dataflow.vn,0910025893
CUST-100190,Ngô Quang Minh 190,khachhang190@dataflow.vn,0910026030
CUST-100191,Dương Bảo Ngọc 191,khachhang191@dataflow.vn,0910026167
CUST-100192,Lý Gia Bảo 192,khachhang192@dataflow.vn,0910026304
CUST-100193,Mai Phương Thảo 193,khachhang193@dataflow.vn,0910026441
CUST-100194,Hồ Đình Trọng 194,khachhang194@dataflow.vn,0910026578
CUST-100195,Trịnh Thúy Hằng 195,khachhang195@dataflow.vn,0910026715
CUST-100196,Nguyễn Văn An 196,khachhang196@dataflow.vn,0910026852
CUST-100197,Trần Thị Bình 197,khachhang197@dataflow.vn,0910026989
CUST-100198,Lê Hoàng Nam 198,khachhang198@dataflow.vn,0910027126
CUST-100199,Phạm Minh Đức 199,khachhang199@dataflow.vn,0910027263
CUST-100200,Vũ Thị Mai 200,khachhang200@dataflow.vn,0910027400
CUST-100201,Đặng Quốc Huy 201,khachhang201@dataflow.vn,0910027537
CUST-100202,Hoàng Thu Trang 202,khachhang202@dataflow.vn,0910027674
CUST-100203,Bùi Thanh Tùng 203,khachhang203@dataflow.vn,0910027811
CUST-100204,Đỗ Hải Yến 204,khachhang204@dataflow.vn,0910027948
CUST-100205,Ngô Quang Minh 205,khachhang205@dataflow.vn,0910028085
CUST-100206,Dương Bảo Ngọc 206,khachhang206@dataflow.vn,0910028222
CUST-100207,Lý Gia Bảo 207,khachhang207@dataflow.vn,0910028359
CUST-100208,Mai Phương Thảo 208,khachhang208@dataflow.vn,0910028496
CUST-100209,Hồ Đình Trọng 209,khachhang209@dataflow.vn,0910028633
CUST-100210,Trịnh Thúy Hằng 210,khachhang210@dataflow.vn,0910028770
CUST-100211,Nguyễn Văn An 211,khachhang211@dataflow.vn,0910028907
CUST-100212,Trần Thị Bình 212,khachhang212@dataflow.vn,0910029044
CUST-100213,Lê Hoàng Nam 213,khachhang213@dataflow.vn,0910029181
CUST-100214,Phạm Minh Đức 214,khachhang214@dataflow.vn,0910029318
CUST-100215,Vũ Thị Mai 215,khachhang215@dataflow.vn,0910029455
CUST-100216,Đặng Quốc Huy 216,khachhang216@dataflow.vn,0910029592
CUST-100217,Hoàng Thu Trang 217,khachhang217@dataflow.vn,0910029729
CUST-100218,Bùi Thanh Tùng 218,khachhang218@dataflow.vn,0910029866
CUST-100219,Đỗ Hải Yến 219,khachhang219@dataflow.vn,0910030003
CUST-100220,Ngô Quang Minh 220,khachhang220@dataflow.vn,0910030140
CUST-100221,Dương Bảo Ngọc 221,khachhang221@dataflow.vn,0910030277
CUST-100222,Lý Gia Bảo 222,khachhang222@dataflow.vn,0910030414
CUST-100223,Mai Phương Thảo 223,khachhang223@dataflow.vn,0910030551
CUST-100224,Hồ Đình Trọng 224,khachhang224@dataflow.vn,0910030688
CUST-100225,Trịnh Thúy Hằng 225,khachhang225@dataflow.vn,0910030825
CUST-100226,Nguyễn Văn An 226,khachhang226@dataflow.vn,0910030962
CUST-100227,Trần Thị Bình 227,khachhang227@dataflow.vn,0910031099
CUST-100228,Lê Hoàng Nam 228,khachhang228@dataflow.vn,0910031236
CUST-100229,Phạm Minh Đức 229,khachhang229@dataflow.vn,0910031373
CUST-100230,Vũ Thị Mai 230,khachhang230@dataflow.vn,0910031510
CUST-100231,Đặng Quốc Huy 231,khachhang231@dataflow.vn,0910031647
CUST-100232,Hoàng Thu Trang 232,khachhang232@dataflow.vn,0910031784
CUST-100233,Bùi Thanh Tùng 233,khachhang233@dataflow.vn,0910031921
CUST-100234,Đỗ Hải Yến 234,khachhang234@dataflow.vn,0910032058
CUST-100235,Ngô Quang Minh 235,khachhang235@dataflow.vn,0910032195
CUST-100236,Dương Bảo Ngọc 236,khachhang236@dataflow.vn,0910032332
CUST-100237,Lý Gia Bảo 237,khachhang237@dataflow.vn,0910032469
CUST-100238,Mai Phương Thảo 238,khachhang238@dataflow.vn,0910032606
CUST-100239,Hồ Đình Trọng 239,khachhang239@dataflow.vn,0910032743
CUST-100240,Trịnh Thúy Hằng 240,khachhang240@dataflow.vn,0910032880
CUST-100241,Nguyễn Văn An 241,khachhang241@dataflow.vn,0910033017
CUST-100242,Trần Thị Bình 242,khachhang242@dataflow.vn,0910033154
CUST-100243,Lê Hoàng Nam 243,khachhang243@dataflow.vn,0910033291
CUST-100244,Phạm Minh Đức 244,khachhang244@dataflow.vn,0910033428
CUST-100245,Vũ Thị Mai 245,khachhang245@dataflow.vn,0910033565
CUST-100246,Đặng Quốc Huy 246,khachhang246@dataflow.vn,0910033702
CUST-100247,Hoàng Thu Trang 247,khachhang247@dataflow.vn,0910033839
CUST-100248,Bùi Thanh Tùng 248,khachhang248@dataflow.vn,0910033976
CUST-100249,Đỗ Hải Yến 249,khachhang249@dataflow.vn,0910034113
CUST-100250,Ngô Quang Minh 250,khachhang250@dataflow.vn,0910034250
CUST-100251,Dương Bảo Ngọc 251,khachhang251@dataflow.vn,0910034387
CUST-100252,Lý Gia Bảo 252,khachhang252@dataflow.vn,0910034524
CUST-100253,Mai Phương Thảo 253,khachhang253@dataflow.vn,0910034661
CUST-100254,Hồ Đình Trọng 254,khachhang254@dataflow.vn,0910034798
CUST-100255,Trịnh Thúy Hằng 255,khachhang255@dataflow.vn,0910034935
CUST-100256,Nguyễn Văn An 256,khachhang256@dataflow.vn,0910035072
CUST-100257,Trần Thị Bình 257,khachhang257@dataflow.vn,0910035209
CUST-100258,Lê Hoàng Nam 258,khachhang258@dataflow.vn,0910035346
CUST-100259,Phạm Minh Đức 259,khachhang259@dataflow.vn,0910035483
CUST-100260,Vũ Thị Mai 260,khachhang260@dataflow.vn,0910035620
CUST-100261,Đặng Quốc Huy 261,khachhang261@dataflow.vn,0910035757
CUST-100262,Hoàng Thu Trang 262,khachhang262@dataflow.vn,0910035894
CUST-100263,Bùi Thanh Tùng 263,khachhang263@dataflow.vn,0910036031
CUST-100264,Đỗ Hải Yến 264,khachhang264@dataflow.vn,0910036168
CUST-100265,Ngô Quang Minh 265,khachhang265@dataflow.vn,0910036305
CUST-100266,Dương Bảo Ngọc 266,khachhang266@dataflow.vn,0910036442
CUST-100267,Lý Gia Bảo 267,khachhang267@dataflow.vn,0910036579
CUST-100268,Mai Phương Thảo 268,khachhang268@dataflow.vn,0910036716
CUST-100269,Hồ Đình Trọng 269,khachhang269@dataflow.vn,0910036853
CUST-100270,Trịnh Thúy Hằng 270,khachhang270@dataflow.vn,0910036990
CUST-100271,Nguyễn Văn An 271,khachhang271@dataflow.vn,0910037127
CUST-100272,Trần Thị Bình 272,khachhang272@dataflow.vn,0910037264
CUST-100273,Lê Hoàng Nam 273,khachhang273@dataflow.vn,0910037401
CUST-100274,Phạm Minh Đức 274,khachhang274@dataflow.vn,0910037538
CUST-100275,Vũ Thị Mai 275,khachhang275@dataflow.vn,0910037675
CUST-100276,Đặng Quốc Huy 276,khachhang276@dataflow.vn,0910037812
CUST-100277,Hoàng Thu Trang 277,khachhang277@dataflow.vn,0910037949
CUST-100278,Bùi Thanh Tùng 278,khachhang278@dataflow.vn,0910038086
CUST-100279,Đỗ Hải Yến 279,khachhang279@dataflow.vn,0910038223
CUST-100280,Ngô Quang Minh 280,khachhang280@dataflow.vn,0910038360
CUST-100281,Dương Bảo Ngọc 281,khachhang281@dataflow.vn,0910038497
CUST-100282,Lý Gia Bảo 282,khachhang282@dataflow.vn,0910038634
CUST-100283,Mai Phương Thảo 283,khachhang283@dataflow.vn,0910038771
CUST-100284,Hồ Đình Trọng 284,khachhang284@dataflow.vn,0910038908
CUST-100285,Trịnh Thúy Hằng 285,khachhang285@dataflow.vn,0910039045
CUST-100286,Nguyễn Văn An 286,khachhang286@dataflow.vn,0910039182
CUST-100287,Trần Thị Bình 287,khachhang287@dataflow.vn,0910039319
CUST-100288,Lê Hoàng Nam 288,khachhang288@dataflow.vn,0910039456
CUST-100289,Phạm Minh Đức 289,khachhang289@dataflow.vn,0910039593
CUST-100290,Vũ Thị Mai 290,khachhang290@dataflow.vn,0910039730
CUST-100291,Đặng Quốc Huy 291,khachhang291@dataflow.vn,0910039867
CUST-100292,Hoàng Thu Trang 292,khachhang292@dataflow.vn,0910040004
CUST-100293,Bùi Thanh Tùng 293,khachhang293@dataflow.vn,0910040141
CUST-100294,Đỗ Hải Yến 294,khachhang294@dataflow.vn,0910040278
CUST-100295,Ngô Quang Minh 295,khachhang295@dataflow.vn,0910040415
CUST-100296,Dương Bảo Ngọc 296,khachhang296@dataflow.vn,0910040552
CUST-100297,Lý Gia Bảo 297,khachhang297@dataflow.vn,0910040689
CUST-100298,Mai Phương Thảo 298,khachhang298@dataflow.vn,0910040826
CUST-100299,Hồ Đình Trọng 299,khachhang299@dataflow.vn,0910040963
CUST-100300,Trịnh Thúy Hằng 300,khachhang300@dataflow.vn,0910041100
CUST-100301,Nguyễn Văn An 301,khachhang301@dataflow.vn,0910041237
CUST-100302,Trần Thị Bình 302,khachhang302@dataflow.vn,0910041374
CUST-100303,Lê Hoàng Nam 303,khachhang303@dataflow.vn,0910041511
CUST-100304,Phạm Minh Đức 304,khachhang304@dataflow.vn,0910041648
CUST-100305,Vũ Thị Mai 305,khachhang305@dataflow.vn,0910041785
CUST-100306,Đặng Quốc Huy 306,khachhang306@dataflow.vn,0910041922
CUST-100307,Hoàng Thu Trang 307,khachhang307@dataflow.vn,0910042059
CUST-100308,Bùi Thanh Tùng 308,khachhang308@dataflow.vn,0910042196
CUST-100309,Đỗ Hải Yến 309,khachhang309@dataflow.vn,0910042333
CUST-100310,Ngô Quang Minh 310,khachhang310@dataflow.vn,0910042470
CUST-100311,Dương Bảo Ngọc 311,khachhang311@dataflow.vn,0910042607
CUST-100312,Lý Gia Bảo 312,khachhang312@dataflow.vn,0910042744
CUST-100313,Mai Phương Thảo 313,khachhang313@dataflow.vn,0910042881
CUST-100314,Hồ Đình Trọng 314,khachhang314@dataflow.vn,0910043018
CUST-100315,Trịnh Thúy Hằng 315,khachhang315@dataflow.vn,0910043155
CUST-100316,Nguyễn Văn An 316,khachhang316@dataflow.vn,0910043292
CUST-100317,Trần Thị Bình 317,khachhang317@dataflow.vn,0910043429
CUST-100318,Lê Hoàng Nam 318,khachhang318@dataflow.vn,0910043566
CUST-100319,Phạm Minh Đức 319,khachhang319@dataflow.vn,0910043703
CUST-100320,Vũ Thị Mai 320,khachhang320@dataflow.vn,0910043840
CUST-100321,Đặng Quốc Huy 321,khachhang321@dataflow.vn,0910043977
CUST-100322,Hoàng Thu Trang 322,khachhang322@dataflow.vn,0910044114
CUST-100323,Bùi Thanh Tùng 323,khachhang323@dataflow.vn,0910044251
CUST-100324,Đỗ Hải Yến 324,khachhang324@dataflow.vn,0910044388
CUST-100325,Ngô Quang Minh 325,khachhang325@dataflow.vn,0910044525
CUST-100326,Dương Bảo Ngọc 326,khachhang326@dataflow.vn,0910044662
CUST-100327,Lý Gia Bảo 327,khachhang327@dataflow.vn,0910044799
CUST-100328,Mai Phương Thảo 328,khachhang328@dataflow.vn,0910044936
CUST-100329,Hồ Đình Trọng 329,khachhang329@dataflow.vn,0910045073
CUST-100330,Trịnh Thúy Hằng 330,khachhang330@dataflow.vn,0910045210
CUST-100331,Nguyễn Văn An 331,khachhang331@dataflow.vn,0910045347
CUST-100332,Trần Thị Bình 332,khachhang332@dataflow.vn,0910045484
CUST-100333,Lê Hoàng Nam 333,khachhang333@dataflow.vn,0910045621
CUST-100334,Phạm Minh Đức 334,khachhang334@dataflow.vn,0910045758
CUST-100335,Vũ Thị Mai 335,khachhang335@dataflow.vn,0910045895
CUST-100336,Đặng Quốc Huy 336,khachhang336@dataflow.vn,0910046032
CUST-100337,Hoàng Thu Trang 337,khachhang337@dataflow.vn,0910046169
CUST-100338,Bùi Thanh Tùng 338,khachhang338@dataflow.vn,0910046306
CUST-100339,Đỗ Hải Yến 339,khachhang339@dataflow.vn,0910046443
CUST-100340,Ngô Quang Minh 340,khachhang340@dataflow.vn,0910046580
CUST-100341,Dương Bảo Ngọc 341,khachhang341@dataflow.vn,0910046717
CUST-100342,Lý Gia Bảo 342,khachhang342@dataflow.vn,0910046854
CUST-100343,Mai Phương Thảo 343,khachhang343@dataflow.vn,0910046991
CUST-100344,Hồ Đình Trọng 344,khachhang344@dataflow.vn,0910047128
CUST-100345,Trịnh Thúy Hằng 345,khachhang345@dataflow.vn,0910047265
CUST-100346,Nguyễn Văn An 346,khachhang346@dataflow.vn,0910047402
CUST-100347,Trần Thị Bình 347,khachhang347@dataflow.vn,0910047539
CUST-100348,Lê Hoàng Nam 348,khachhang348@dataflow.vn,0910047676
CUST-100349,Phạm Minh Đức 349,khachhang349@dataflow.vn,0910047813
CUST-100350,Vũ Thị Mai 350,khachhang350@dataflow.vn,0910047950
CUST-100351,Đặng Quốc Huy 351,khachhang351@dataflow.vn,0910048087
CUST-100352,Hoàng Thu Trang 352,khachhang352@dataflow.vn,0910048224
CUST-100353,Bùi Thanh Tùng 353,khachhang353@dataflow.vn,0910048361
CUST-100354,Đỗ Hải Yến 354,khachhang354@dataflow.vn,0910048498
CUST-100355,Ngô Quang Minh 355,khachhang355@dataflow.vn,0910048635
CUST-100356,Dương Bảo Ngọc 356,khachhang356@dataflow.vn,0910048772
CUST-100357,Lý Gia Bảo 357,khachhang357@dataflow.vn,0910048909
CUST-100358,Mai Phương Thảo 358,khachhang358@dataflow.vn,0910049046
CUST-100359,Hồ Đình Trọng 359,khachhang359@dataflow.vn,0910049183
CUST-100360,Trịnh Thúy Hằng 360,khachhang360@dataflow.vn,0910049320
CUST-100361,Nguyễn Văn An 361,khachhang361@dataflow.vn,0910049457
CUST-100362,Trần Thị Bình 362,khachhang362@dataflow.vn,0910049594
CUST-100363,Lê Hoàng Nam 363,khachhang363@dataflow.vn,0910049731
CUST-100364,Phạm Minh Đức 364,khachhang364@dataflow.vn,0910049868
CUST-100365,Vũ Thị Mai 365,khachhang365@dataflow.vn,0910050005
CUST-100366,Đặng Quốc Huy 366,khachhang366@dataflow.vn,0910050142
CUST-100367,Hoàng Thu Trang 367,khachhang367@dataflow.vn,0910050279
CUST-100368,Bùi Thanh Tùng 368,khachhang368@dataflow.vn,0910050416
CUST-100369,Đỗ Hải Yến 369,khachhang369@dataflow.vn,0910050553
CUST-100370,Ngô Quang Minh 370,khachhang370@dataflow.vn,0910050690
CUST-100371,Dương Bảo Ngọc 371,khachhang371@dataflow.vn,0910050827
CUST-100372,Lý Gia Bảo 372,khachhang372@dataflow.vn,0910050964
CUST-100373,Mai Phương Thảo 373,khachhang373@dataflow.vn,0910051101
CUST-100374,Hồ Đình Trọng 374,khachhang374@dataflow.vn,0910051238
CUST-100375,Trịnh Thúy Hằng 375,khachhang375@dataflow.vn,0910051375
CUST-100376,Nguyễn Văn An 376,khachhang376@dataflow.vn,0910051512
CUST-100377,Trần Thị Bình 377,khachhang377@dataflow.vn,0910051649
CUST-100378,Lê Hoàng Nam 378,khachhang378@dataflow.vn,0910051786
CUST-100379,Phạm Minh Đức 379,khachhang379@dataflow.vn,0910051923
CUST-100380,Vũ Thị Mai 380,khachhang380@dataflow.vn,0910052060
CUST-100381,Đặng Quốc Huy 381,khachhang381@dataflow.vn,0910052197
CUST-100382,Hoàng Thu Trang 382,khachhang382@dataflow.vn,0910052334
CUST-100383,Bùi Thanh Tùng 383,khachhang383@dataflow.vn,0910052471
CUST-100384,Đỗ Hải Yến 384,khachhang384@dataflow.vn,0910052608
CUST-100385,Ngô Quang Minh 385,khachhang385@dataflow.vn,0910052745
CUST-100386,Dương Bảo Ngọc 386,khachhang386@dataflow.vn,0910052882
CUST-100387,Lý Gia Bảo 387,khachhang387@dataflow.vn,0910053019
CUST-100388,Mai Phương Thảo 388,khachhang388@dataflow.vn,0910053156
CUST-100389,Hồ Đình Trọng 389,khachhang389@dataflow.vn,0910053293
CUST-100390,Trịnh Thúy Hằng 390,khachhang390@dataflow.vn,0910053430
CUST-100391,Nguyễn Văn An 391,khachhang391@dataflow.vn,0910053567
CUST-100392,Trần Thị Bình 392,khachhang392@dataflow.vn,0910053704
CUST-100393,Lê Hoàng Nam 393,khachhang393@dataflow.vn,0910053841
CUST-100394,Phạm Minh Đức 394,khachhang394@dataflow.vn,0910053978
CUST-100395,Vũ Thị Mai 395,khachhang395@dataflow.vn,0910054115
CUST-100396,Đặng Quốc Huy 396,khachhang396@dataflow.vn,0910054252
CUST-100397,Hoàng Thu Trang 397,khachhang397@dataflow.vn,0910054389
CUST-100398,Bùi Thanh Tùng 398,khachhang398@dataflow.vn,0910054526
CUST-100399,Đỗ Hải Yến 399,khachhang399@dataflow.vn,0910054663
CUST-100400,Ngô Quang Minh 400,khachhang400@dataflow.vn,0910054800
CUST-100401,Dương Bảo Ngọc 401,khachhang401@dataflow.vn,0910054937
CUST-100402,Lý Gia Bảo 402,khachhang402@dataflow.vn,0910055074
CUST-100403,Mai Phương Thảo 403,khachhang403@dataflow.vn,0910055211
CUST-100404,Hồ Đình Trọng 404,khachhang404@dataflow.vn,0910055348
CUST-100405,Trịnh Thúy Hằng 405,khachhang405@dataflow.vn,0910055485
CUST-100406,Nguyễn Văn An 406,khachhang406@dataflow.vn,0910055622
CUST-100407,Trần Thị Bình 407,khachhang407@dataflow.vn,0910055759
CUST-100408,Lê Hoàng Nam 408,khachhang408@dataflow.vn,0910055896
CUST-100409,Phạm Minh Đức 409,khachhang409@dataflow.vn,0910056033
CUST-100410,Vũ Thị Mai 410,khachhang410@dataflow.vn,0910056170
CUST-100411,Đặng Quốc Huy 411,khachhang411@dataflow.vn,0910056307
CUST-100412,Hoàng Thu Trang 412,khachhang412@dataflow.vn,0910056444
CUST-100413,Bùi Thanh Tùng 413,khachhang413@dataflow.vn,0910056581
CUST-100414,Đỗ Hải Yến 414,khachhang414@dataflow.vn,0910056718
CUST-100415,Ngô Quang Minh 415,khachhang415@dataflow.vn,0910056855
CUST-100416,Dương Bảo Ngọc 416,khachhang416@dataflow.vn,0910056992
CUST-100417,Lý Gia Bảo 417,khachhang417@dataflow.vn,0910057129
CUST-100418,Mai Phương Thảo 418,khachhang418@dataflow.vn,0910057266
CUST-100419,Hồ Đình Trọng 419,khachhang419@dataflow.vn,0910057403
CUST-100420,Trịnh Thúy Hằng 420,khachhang420@dataflow.vn,0910057540
CUST-100421,Nguyễn Văn An 421,khachhang421@dataflow.vn,0910057677
CUST-100422,Trần Thị Bình 422,khachhang422@dataflow.vn,0910057814
CUST-100423,Lê Hoàng Nam 423,khachhang423@dataflow.vn,0910057951
CUST-100424,Phạm Minh Đức 424,khachhang424@dataflow.vn,0910058088
CUST-100425,Vũ Thị Mai 425,khachhang425@dataflow.vn,0910058225
CUST-100426,Đặng Quốc Huy 426,khachhang426@dataflow.vn,0910058362
CUST-100427,Hoàng Thu Trang 427,khachhang427@dataflow.vn,0910058499
CUST-100428,Bùi Thanh Tùng 428,khachhang428@dataflow.vn,0910058636
CUST-100429,Đỗ Hải Yến 429,khachhang429@dataflow.vn,0910058773
CUST-100430,Ngô Quang Minh 430,khachhang430@dataflow.vn,0910058910
CUST-100431,Dương Bảo Ngọc 431,khachhang431@dataflow.vn,0910059047
CUST-100432,Lý Gia Bảo 432,khachhang432@dataflow.vn,0910059184
CUST-100433,Mai Phương Thảo 433,khachhang433@dataflow.vn,0910059321
CUST-100434,Hồ Đình Trọng 434,khachhang434@dataflow.vn,0910059458
CUST-100435,Trịnh Thúy Hằng 435,khachhang435@dataflow.vn,0910059595
CUST-100436,Nguyễn Văn An 436,khachhang436@dataflow.vn,0910059732
CUST-100437,Trần Thị Bình 437,khachhang437@dataflow.vn,0910059869
CUST-100438,Lê Hoàng Nam 438,khachhang438@dataflow.vn,0910060006
CUST-100439,Phạm Minh Đức 439,khachhang439@dataflow.vn,0910060143
CUST-100440,Vũ Thị Mai 440,khachhang440@dataflow.vn,0910060280
CUST-100441,Đặng Quốc Huy 441,khachhang441@dataflow.vn,0910060417
CUST-100442,Hoàng Thu Trang 442,khachhang442@dataflow.vn,0910060554
CUST-100443,Bùi Thanh Tùng 443,khachhang443@dataflow.vn,0910060691
CUST-100444,Đỗ Hải Yến 444,khachhang444@dataflow.vn,0910060828
CUST-100445,Ngô Quang Minh 445,khachhang445@dataflow.vn,0910060965
CUST-100446,Dương Bảo Ngọc 446,khachhang446@dataflow.vn,0910061102
CUST-100447,Lý Gia Bảo 447,khachhang447@dataflow.vn,0910061239
CUST-100448,Mai Phương Thảo 448,khachhang448@dataflow.vn,0910061376
CUST-100449,Hồ Đình Trọng 449,khachhang449@dataflow.vn,0910061513
CUST-100450,Trịnh Thúy Hằng 450,khachhang450@dataflow.vn,0910061650
CUST-100451,Nguyễn Văn An 451,khachhang451@dataflow.vn,0910061787
CUST-100452,Trần Thị Bình 452,khachhang452@dataflow.vn,0910061924
CUST-100453,Lê Hoàng Nam 453,khachhang453@dataflow.vn,0910062061
CUST-100454,Phạm Minh Đức 454,khachhang454@dataflow.vn,0910062198
CUST-100455,Vũ Thị Mai 455,khachhang455@dataflow.vn,0910062335
CUST-100456,Đặng Quốc Huy 456,khachhang456@dataflow.vn,0910062472
CUST-100457,Hoàng Thu Trang 457,khachhang457@dataflow.vn,0910062609
CUST-100458,Bùi Thanh Tùng 458,khachhang458@dataflow.vn,0910062746
CUST-100459,Đỗ Hải Yến 459,khachhang459@dataflow.vn,0910062883
CUST-100460,Ngô Quang Minh 460,khachhang460@dataflow.vn,0910063020
CUST-100461,Dương Bảo Ngọc 461,khachhang461@dataflow.vn,0910063157
CUST-100462,Lý Gia Bảo 462,khachhang462@dataflow.vn,0910063294
CUST-100463,Mai Phương Thảo 463,khachhang463@dataflow.vn,0910063431
CUST-100464,Hồ Đình Trọng 464,khachhang464@dataflow.vn,0910063568
CUST-100465,Trịnh Thúy Hằng 465,khachhang465@dataflow.vn,0910063705
CUST-100466,Nguyễn Văn An 466,khachhang466@dataflow.vn,0910063842
CUST-100467,Trần Thị Bình 467,khachhang467@dataflow.vn,0910063979
CUST-100468,Lê Hoàng Nam 468,khachhang468@dataflow.vn,0910064116
CUST-100469,Phạm Minh Đức 469,khachhang469@dataflow.vn,0910064253
CUST-100470,Vũ Thị Mai 470,khachhang470@dataflow.vn,0910064390
CUST-100471,Đặng Quốc Huy 471,khachhang471@dataflow.vn,0910064527
CUST-100472,Hoàng Thu Trang 472,khachhang472@dataflow.vn,0910064664
CUST-100473,Bùi Thanh Tùng 473,khachhang473@dataflow.vn,0910064801
CUST-100474,Đỗ Hải Yến 474,khachhang474@dataflow.vn,0910064938
CUST-100475,Ngô Quang Minh 475,khachhang475@dataflow.vn,0910065075
CUST-100476,Dương Bảo Ngọc 476,khachhang476@dataflow.vn,0910065212
CUST-100477,Lý Gia Bảo 477,khachhang477@dataflow.vn,0910065349
CUST-100478,Mai Phương Thảo 478,khachhang478@dataflow.vn,0910065486
CUST-100479,Hồ Đình Trọng 479,khachhang479@dataflow.vn,0910065623
CUST-100480,Trịnh Thúy Hằng 480,khachhang480@dataflow.vn,0910065760
CUST-100481,Nguyễn Văn An 481,khachhang481@dataflow.vn,0910065897
CUST-100482,Trần Thị Bình 482,khachhang482@dataflow.vn,0910066034
CUST-100483,Lê Hoàng Nam 483,khachhang483@dataflow.vn,0910066171
CUST-100484,Phạm Minh Đức 484,khachhang484@dataflow.vn,0910066308
CUST-100485,Vũ Thị Mai 485,khachhang485@dataflow.vn,0910066445
CUST-100486,Đặng Quốc Huy 486,khachhang486@dataflow.vn,0910066582
CUST-100487,Hoàng Thu Trang 487,khachhang487@dataflow.vn,0910066719
CUST-100488,Bùi Thanh Tùng 488,khachhang488@dataflow.vn,0910066856
CUST-100489,Đỗ Hải Yến 489,khachhang489@dataflow.vn,0910066993
CUST-100490,Ngô Quang Minh 490,khachhang490@dataflow.vn,0910067130
CUST-100491,Dương Bảo Ngọc 491,khachhang491@dataflow.vn,0910067267
CUST-100492,Lý Gia Bảo 492,khachhang492@dataflow.vn,0910067404
CUST-100493,Mai Phương Thảo 493,khachhang493@dataflow.vn,0910067541
CUST-100494,Hồ Đình Trọng 494,khachhang494@dataflow.vn,0910067678
CUST-100495,Trịnh Thúy Hằng 495,khachhang495@dataflow.vn,0910067815
CUST-100496,Nguyễn Văn An 496,khachhang496@dataflow.vn,0910067952
CUST-100497,Trần Thị Bình 497,khachhang497@dataflow.vn,0910068089
CUST-100498,Lê Hoàng Nam 498,khachhang498@dataflow.vn,0910068226
CUST-100499,Phạm Minh Đức 499,khachhang499@dataflow.vn,0910068363
CUST-100500,Vũ Thị Mai 500,khachhang500@dataflow.vn,0910068500
CUST-100501,Đặng Quốc Huy 501,khachhang501@dataflow.vn,0910068637
CUST-100502,Hoàng Thu Trang 502,khachhang502@dataflow.vn,0910068774
CUST-100503,Bùi Thanh Tùng 503,khachhang503@dataflow.vn,0910068911
CUST-100504,Đỗ Hải Yến 504,khachhang504@dataflow.vn,0910069048
CUST-100505,Ngô Quang Minh 505,khachhang505@dataflow.vn,0910069185
CUST-100506,Dương Bảo Ngọc 506,khachhang506@dataflow.vn,0910069322
CUST-100507,Lý Gia Bảo 507,khachhang507@dataflow.vn,0910069459
CUST-100508,Mai Phương Thảo 508,khachhang508@dataflow.vn,0910069596
CUST-100509,Hồ Đình Trọng 509,khachhang509@dataflow.vn,0910069733
CUST-100510,Trịnh Thúy Hằng 510,khachhang510@dataflow.vn,0910069870
CUST-100511,Nguyễn Văn An 511,khachhang511@dataflow.vn,0910070007
CUST-100512,Trần Thị Bình 512,khachhang512@dataflow.vn,0910070144
CUST-100513,Lê Hoàng Nam 513,khachhang513@dataflow.vn,0910070281
CUST-100514,Phạm Minh Đức 514,khachhang514@dataflow.vn,0910070418
CUST-100515,Vũ Thị Mai 515,khachhang515@dataflow.vn,0910070555
CUST-100516,Đặng Quốc Huy 516,khachhang516@dataflow.vn,0910070692
CUST-100517,Hoàng Thu Trang 517,khachhang517@dataflow.vn,0910070829
CUST-100518,Bùi Thanh Tùng 518,khachhang518@dataflow.vn,0910070966
CUST-100519,Đỗ Hải Yến 519,khachhang519@dataflow.vn,0910071103
CUST-100520,Ngô Quang Minh 520,khachhang520@dataflow.vn,0910071240
CUST-100521,Dương Bảo Ngọc 521,khachhang521@dataflow.vn,0910071377
CUST-100522,Lý Gia Bảo 522,khachhang522@dataflow.vn,0910071514
CUST-100523,Mai Phương Thảo 523,khachhang523@dataflow.vn,0910071651
CUST-100524,Hồ Đình Trọng 524,khachhang524@dataflow.vn,0910071788
CUST-100525,Trịnh Thúy Hằng 525,khachhang525@dataflow.vn,0910071925
CUST-100526,Nguyễn Văn An 526,khachhang526@dataflow.vn,0910072062
CUST-100527,Trần Thị Bình 527,khachhang527@dataflow.vn,0910072199
CUST-100528,Lê Hoàng Nam 528,khachhang528@dataflow.vn,0910072336
CUST-100529,Phạm Minh Đức 529,khachhang529@dataflow.vn,0910072473
CUST-100530,Vũ Thị Mai 530,khachhang530@dataflow.vn,0910072610
CUST-100531,Đặng Quốc Huy 531,khachhang531@dataflow.vn,0910072747
CUST-100532,Hoàng Thu Trang 532,khachhang532@dataflow.vn,0910072884
CUST-100533,Bùi Thanh Tùng 533,khachhang533@dataflow.vn,0910073021
CUST-100534,Đỗ Hải Yến 534,khachhang534@dataflow.vn,0910073158
CUST-100535,Ngô Quang Minh 535,khachhang535@dataflow.vn,0910073295
CUST-100536,Dương Bảo Ngọc 536,khachhang536@dataflow.vn,0910073432
CUST-100537,Lý Gia Bảo 537,khachhang537@dataflow.vn,0910073569
CUST-100538,Mai Phương Thảo 538,khachhang538@dataflow.vn,0910073706
CUST-100539,Hồ Đình Trọng 539,khachhang539@dataflow.vn,0910073843
CUST-100540,Trịnh Thúy Hằng 540,khachhang540@dataflow.vn,0910073980
CUST-100541,Nguyễn Văn An 541,khachhang541@dataflow.vn,0910074117
CUST-100542,Trần Thị Bình 542,khachhang542@dataflow.vn,0910074254
CUST-100543,Lê Hoàng Nam 543,khachhang543@dataflow.vn,0910074391
CUST-100544,Phạm Minh Đức 544,khachhang544@dataflow.vn,0910074528
CUST-100545,Vũ Thị Mai 545,khachhang545@dataflow.vn,0910074665
CUST-100546,Đặng Quốc Huy 546,khachhang546@dataflow.vn,0910074802
CUST-100547,Hoàng Thu Trang 547,khachhang547@dataflow.vn,0910074939
CUST-100548,Bùi Thanh Tùng 548,khachhang548@dataflow.vn,0910075076
CUST-100549,Đỗ Hải Yến 549,khachhang549@dataflow.vn,0910075213
CUST-100550,Ngô Quang Minh 550,khachhang550@dataflow.vn,0910075350
CUST-100551,Dương Bảo Ngọc 551,khachhang551@dataflow.vn,0910075487
CUST-100552,Lý Gia Bảo 552,khachhang552@dataflow.vn,0910075624
CUST-100553,Mai Phương Thảo 553,khachhang553@dataflow.vn,0910075761
CUST-100554,Hồ Đình Trọng 554,khachhang554@dataflow.vn,0910075898
CUST-100555,Trịnh Thúy Hằng 555,khachhang555@dataflow.vn,0910076035
CUST-100556,Nguyễn Văn An 556,khachhang556@dataflow.vn,0910076172
CUST-100557,Trần Thị Bình 557,khachhang557@dataflow.vn,0910076309
CUST-100558,Lê Hoàng Nam 558,khachhang558@dataflow.vn,0910076446
CUST-100559,Phạm Minh Đức 559,khachhang559@dataflow.vn,0910076583
CUST-100560,Vũ Thị Mai 560,khachhang560@dataflow.vn,0910076720
CUST-100561,Đặng Quốc Huy 561,khachhang561@dataflow.vn,0910076857
CUST-100562,Hoàng Thu Trang 562,khachhang562@dataflow.vn,0910076994
CUST-100563,Bùi Thanh Tùng 563,khachhang563@dataflow.vn,0910077131
CUST-100564,Đỗ Hải Yến 564,khachhang564@dataflow.vn,0910077268
CUST-100565,Ngô Quang Minh 565,khachhang565@dataflow.vn,0910077405
CUST-100566,Dương Bảo Ngọc 566,khachhang566@dataflow.vn,0910077542
CUST-100567,Lý Gia Bảo 567,khachhang567@dataflow.vn,0910077679
CUST-100568,Mai Phương Thảo 568,khachhang568@dataflow.vn,0910077816
CUST-100569,Hồ Đình Trọng 569,khachhang569@dataflow.vn,0910077953
CUST-100570,Trịnh Thúy Hằng 570,khachhang570@dataflow.vn,0910078090
CUST-100571,Nguyễn Văn An 571,khachhang571@dataflow.vn,0910078227
CUST-100572,Trần Thị Bình 572,khachhang572@dataflow.vn,0910078364
CUST-100573,Lê Hoàng Nam 573,khachhang573@dataflow.vn,0910078501
CUST-100574,Phạm Minh Đức 574,khachhang574@dataflow.vn,0910078638
CUST-100575,Vũ Thị Mai 575,khachhang575@dataflow.vn,0910078775
CUST-100576,Đặng Quốc Huy 576,khachhang576@dataflow.vn,0910078912
CUST-100577,Hoàng Thu Trang 577,khachhang577@dataflow.vn,0910079049
CUST-100578,Bùi Thanh Tùng 578,khachhang578@dataflow.vn,0910079186
CUST-100579,Đỗ Hải Yến 579,khachhang579@dataflow.vn,0910079323
CUST-100580,Ngô Quang Minh 580,khachhang580@dataflow.vn,0910079460
CUST-100581,Dương Bảo Ngọc 581,khachhang581@dataflow.vn,0910079597
CUST-100582,Lý Gia Bảo 582,khachhang582@dataflow.vn,0910079734
CUST-100583,Mai Phương Thảo 583,khachhang583@dataflow.vn,0910079871
CUST-100584,Hồ Đình Trọng 584,khachhang584@dataflow.vn,0910080008
CUST-100585,Trịnh Thúy Hằng 585,khachhang585@dataflow.vn,0910080145
CUST-100586,Nguyễn Văn An 586,khachhang586@dataflow.vn,0910080282
CUST-100587,Trần Thị Bình 587,khachhang587@dataflow.vn,0910080419
CUST-100588,Lê Hoàng Nam 588,khachhang588@dataflow.vn,0910080556
CUST-100589,Phạm Minh Đức 589,khachhang589@dataflow.vn,0910080693
CUST-100590,Vũ Thị Mai 590,khachhang590@dataflow.vn,0910080830
CUST-100591,Đặng Quốc Huy 591,khachhang591@dataflow.vn,0910080967
CUST-100592,Hoàng Thu Trang 592,khachhang592@dataflow.vn,0910081104
CUST-100593,Bùi Thanh Tùng 593,khachhang593@dataflow.vn,0910081241
CUST-100594,Đỗ Hải Yến 594,khachhang594@dataflow.vn,0910081378
CUST-100595,Ngô Quang Minh 595,khachhang595@dataflow.vn,0910081515
CUST-100596,Dương Bảo Ngọc 596,khachhang596@dataflow.vn,0910081652
CUST-100597,Lý Gia Bảo 597,khachhang597@dataflow.vn,0910081789
CUST-100598,Mai Phương Thảo 598,khachhang598@dataflow.vn,0910081926
CUST-100599,Hồ Đình Trọng 599,khachhang599@dataflow.vn,0910082063
CUST-100600,Trịnh Thúy Hằng 600,khachhang600@dataflow.vn,0910082200
CUST-100601,Nguyễn Văn An 601,khachhang601@dataflow.vn,0910082337
CUST-100602,Trần Thị Bình 602,khachhang602@dataflow.vn,0910082474
CUST-100603,Lê Hoàng Nam 603,khachhang603@dataflow.vn,0910082611
CUST-100604,Phạm Minh Đức 604,khachhang604@dataflow.vn,0910082748
CUST-100605,Vũ Thị Mai 605,khachhang605@dataflow.vn,0910082885
CUST-100606,Đặng Quốc Huy 606,khachhang606@dataflow.vn,0910083022
CUST-100607,Hoàng Thu Trang 607,khachhang607@dataflow.vn,0910083159
CUST-100608,Bùi Thanh Tùng 608,khachhang608@dataflow.vn,0910083296
CUST-100609,Đỗ Hải Yến 609,khachhang609@dataflow.vn,0910083433
CUST-100610,Ngô Quang Minh 610,khachhang610@dataflow.vn,0910083570
CUST-100611,Dương Bảo Ngọc 611,khachhang611@dataflow.vn,0910083707
CUST-100612,Lý Gia Bảo 612,khachhang612@dataflow.vn,0910083844
CUST-100613,Mai Phương Thảo 613,khachhang613@dataflow.vn,0910083981
CUST-100614,Hồ Đình Trọng 614,khachhang614@dataflow.vn,0910084118
CUST-100615,Trịnh Thúy Hằng 615,khachhang615@dataflow.vn,0910084255
CUST-100616,Nguyễn Văn An 616,khachhang616@dataflow.vn,0910084392
CUST-100617,Trần Thị Bình 617,khachhang617@dataflow.vn,0910084529
CUST-100618,Lê Hoàng Nam 618,khachhang618@dataflow.vn,0910084666
CUST-100619,Phạm Minh Đức 619,khachhang619@dataflow.vn,0910084803
CUST-100620,Vũ Thị Mai 620,khachhang620@dataflow.vn,0910084940
CUST-100621,Đặng Quốc Huy 621,khachhang621@dataflow.vn,0910085077
CUST-100622,Hoàng Thu Trang 622,khachhang622@dataflow.vn,0910085214
CUST-100623,Bùi Thanh Tùng 623,khachhang623@dataflow.vn,0910085351
CUST-100624,Đỗ Hải Yến 624,khachhang624@dataflow.vn,0910085488
CUST-100625,Ngô Quang Minh 625,khachhang625@dataflow.vn,0910085625
CUST-100626,Dương Bảo Ngọc 626,khachhang626@dataflow.vn,0910085762
CUST-100627,Lý Gia Bảo 627,khachhang627@dataflow.vn,0910085899
CUST-100628,Mai Phương Thảo 628,khachhang628@dataflow.vn,0910086036
CUST-100629,Hồ Đình Trọng 629,khachhang629@dataflow.vn,0910086173
CUST-100630,Trịnh Thúy Hằng 630,khachhang630@dataflow.vn,0910086310
CUST-100631,Nguyễn Văn An 631,khachhang631@dataflow.vn,0910086447
CUST-100632,Trần Thị Bình 632,khachhang632@dataflow.vn,0910086584
CUST-100633,Lê Hoàng Nam 633,khachhang633@dataflow.vn,0910086721
CUST-100634,Phạm Minh Đức 634,khachhang634@dataflow.vn,0910086858
CUST-100635,Vũ Thị Mai 635,khachhang635@dataflow.vn,0910086995
CUST-100636,Đặng Quốc Huy 636,khachhang636@dataflow.vn,0910087132
CUST-100637,Hoàng Thu Trang 637,khachhang637@dataflow.vn,0910087269
CUST-100638,Bùi Thanh Tùng 638,khachhang638@dataflow.vn,0910087406
CUST-100639,Đỗ Hải Yến 639,khachhang639@dataflow.vn,0910087543
CUST-100640,Ngô Quang Minh 640,khachhang640@dataflow.vn,0910087680
CUST-100641,Dương Bảo Ngọc 641,khachhang641@dataflow.vn,0910087817
CUST-100642,Lý Gia Bảo 642,khachhang642@dataflow.vn,0910087954
CUST-100643,Mai Phương Thảo 643,khachhang643@dataflow.vn,0910088091
CUST-100644,Hồ Đình Trọng 644,khachhang644@dataflow.vn,0910088228
CUST-100645,Trịnh Thúy Hằng 645,khachhang645@dataflow.vn,0910088365
CUST-100646,Nguyễn Văn An 646,khachhang646@dataflow.vn,0910088502
CUST-100647,Trần Thị Bình 647,khachhang647@dataflow.vn,0910088639
CUST-100648,Lê Hoàng Nam 648,khachhang648@dataflow.vn,0910088776
CUST-100649,Phạm Minh Đức 649,khachhang649@dataflow.vn,0910088913
CUST-100650,Vũ Thị Mai 650,khachhang650@dataflow.vn,0910089050
CUST-100651,Đặng Quốc Huy 651,khachhang651@dataflow.vn,0910089187
CUST-100652,Hoàng Thu Trang 652,khachhang652@dataflow.vn,0910089324
CUST-100653,Bùi Thanh Tùng 653,khachhang653@dataflow.vn,0910089461
CUST-100654,Đỗ Hải Yến 654,khachhang654@dataflow.vn,0910089598
CUST-100655,Ngô Quang Minh 655,khachhang655@dataflow.vn,0910089735
CUST-100656,Dương Bảo Ngọc 656,khachhang656@dataflow.vn,0910089872
CUST-100657,Lý Gia Bảo 657,khachhang657@dataflow.vn,0910090009
CUST-100658,Mai Phương Thảo 658,khachhang658@dataflow.vn,0910090146
CUST-100659,Hồ Đình Trọng 659,khachhang659@dataflow.vn,0910090283
CUST-100660,Trịnh Thúy Hằng 660,khachhang660@dataflow.vn,0910090420
CUST-100661,Nguyễn Văn An 661,khachhang661@dataflow.vn,0910090557
CUST-100662,Trần Thị Bình 662,khachhang662@dataflow.vn,0910090694
CUST-100663,Lê Hoàng Nam 663,khachhang663@dataflow.vn,0910090831
CUST-100664,Phạm Minh Đức 664,khachhang664@dataflow.vn,0910090968
CUST-100665,Vũ Thị Mai 665,khachhang665@dataflow.vn,0910091105
CUST-100666,Đặng Quốc Huy 666,khachhang666@dataflow.vn,0910091242
CUST-100667,Hoàng Thu Trang 667,khachhang667@dataflow.vn,0910091379
CUST-100668,Bùi Thanh Tùng 668,khachhang668@dataflow.vn,0910091516
CUST-100669,Đỗ Hải Yến 669,khachhang669@dataflow.vn,0910091653
CUST-100670,Ngô Quang Minh 670,khachhang670@dataflow.vn,0910091790
CUST-100671,Dương Bảo Ngọc 671,khachhang671@dataflow.vn,0910091927
CUST-100672,Lý Gia Bảo 672,khachhang672@dataflow.vn,0910092064
CUST-100673,Mai Phương Thảo 673,khachhang673@dataflow.vn,0910092201
CUST-100674,Hồ Đình Trọng 674,khachhang674@dataflow.vn,0910092338
CUST-100675,Trịnh Thúy Hằng 675,khachhang675@dataflow.vn,0910092475
CUST-100676,Nguyễn Văn An 676,khachhang676@dataflow.vn,0910092612
CUST-100677,Trần Thị Bình 677,khachhang677@dataflow.vn,0910092749
CUST-100678,Lê Hoàng Nam 678,khachhang678@dataflow.vn,0910092886
CUST-100679,Phạm Minh Đức 679,khachhang679@dataflow.vn,0910093023
CUST-100680,Vũ Thị Mai 680,khachhang680@dataflow.vn,0910093160
CUST-100681,Đặng Quốc Huy 681,khachhang681@dataflow.vn,0910093297
CUST-100682,Hoàng Thu Trang 682,khachhang682@dataflow.vn,0910093434
CUST-100683,Bùi Thanh Tùng 683,khachhang683@dataflow.vn,0910093571
CUST-100684,Đỗ Hải Yến 684,khachhang684@dataflow.vn,0910093708
CUST-100685,Ngô Quang Minh 685,khachhang685@dataflow.vn,0910093845
CUST-100686,Dương Bảo Ngọc 686,khachhang686@dataflow.vn,0910093982
CUST-100687,Lý Gia Bảo 687,khachhang687@dataflow.vn,0910094119
CUST-100688,Mai Phương Thảo 688,khachhang688@dataflow.vn,0910094256
CUST-100689,Hồ Đình Trọng 689,khachhang689@dataflow.vn,0910094393
CUST-100690,Trịnh Thúy Hằng 690,khachhang690@dataflow.vn,0910094530
CUST-100691,Nguyễn Văn An 691,khachhang691@dataflow.vn,0910094667
CUST-100692,Trần Thị Bình 692,khachhang692@dataflow.vn,0910094804
CUST-100693,Lê Hoàng Nam 693,khachhang693@dataflow.vn,0910094941
CUST-100694,Phạm Minh Đức 694,khachhang694@dataflow.vn,0910095078
CUST-100695,Vũ Thị Mai 695,khachhang695@dataflow.vn,0910095215
CUST-100696,Đặng Quốc Huy 696,khachhang696@dataflow.vn,0910095352
CUST-100697,Hoàng Thu Trang 697,khachhang697@dataflow.vn,0910095489
CUST-100698,Bùi Thanh Tùng 698,khachhang698@dataflow.vn,0910095626
CUST-100699,Đỗ Hải Yến 699,khachhang699@dataflow.vn,0910095763
CUST-100700,Ngô Quang Minh 700,khachhang700@dataflow.vn,0910095900
CUST-100701,Dương Bảo Ngọc 701,khachhang701@dataflow.vn,0910096037
CUST-100702,Lý Gia Bảo 702,khachhang702@dataflow.vn,0910096174
CUST-100703,Mai Phương Thảo 703,khachhang703@dataflow.vn,0910096311
CUST-100704,Hồ Đình Trọng 704,khachhang704@dataflow.vn,0910096448
CUST-100705,Trịnh Thúy Hằng 705,khachhang705@dataflow.vn,0910096585
CUST-100706,Nguyễn Văn An 706,khachhang706@dataflow.vn,0910096722
CUST-100707,Trần Thị Bình 707,khachhang707@dataflow.vn,0910096859
CUST-100708,Lê Hoàng Nam 708,khachhang708@dataflow.vn,0910096996
CUST-100709,Phạm Minh Đức 709,khachhang709@dataflow.vn,0910097133
CUST-100710,Vũ Thị Mai 710,khachhang710@dataflow.vn,0910097270
CUST-100711,Đặng Quốc Huy 711,khachhang711@dataflow.vn,0910097407
CUST-100712,Hoàng Thu Trang 712,khachhang712@dataflow.vn,0910097544
CUST-100713,Bùi Thanh Tùng 713,khachhang713@dataflow.vn,0910097681
CUST-100714,Đỗ Hải Yến 714,khachhang714@dataflow.vn,0910097818
CUST-100715,Ngô Quang Minh 715,khachhang715@dataflow.vn,0910097955
CUST-100716,Dương Bảo Ngọc 716,khachhang716@dataflow.vn,0910098092
CUST-100717,Lý Gia Bảo 717,khachhang717@dataflow.vn,0910098229
CUST-100718,Mai Phương Thảo 718,khachhang718@dataflow.vn,0910098366
CUST-100719,Hồ Đình Trọng 719,khachhang719@dataflow.vn,0910098503
CUST-100720,Trịnh Thúy Hằng 720,khachhang720@dataflow.vn,0910098640
CUST-100721,Nguyễn Văn An 721,khachhang721@dataflow.vn,0910098777
CUST-100722,Trần Thị Bình 722,khachhang722@dataflow.vn,0910098914
CUST-100723,Lê Hoàng Nam 723,khachhang723@dataflow.vn,0910099051
CUST-100724,Phạm Minh Đức 724,khachhang724@dataflow.vn,0910099188
CUST-100725,Vũ Thị Mai 725,khachhang725@dataflow.vn,0910099325
CUST-100726,Đặng Quốc Huy 726,khachhang726@dataflow.vn,0910099462
CUST-100727,Hoàng Thu Trang 727,khachhang727@dataflow.vn,0910099599
CUST-100728,Bùi Thanh Tùng 728,khachhang728@dataflow.vn,0910099736
CUST-100729,Đỗ Hải Yến 729,khachhang729@dataflow.vn,0910099873
CUST-100730,Ngô Quang Minh 730,khachhang730@dataflow.vn,0910100010
CUST-100731,Dương Bảo Ngọc 731,khachhang731@dataflow.vn,0910100147
CUST-100732,Lý Gia Bảo 732,khachhang732@dataflow.vn,0910100284
CUST-100733,Mai Phương Thảo 733,khachhang733@dataflow.vn,0910100421
CUST-100734,Hồ Đình Trọng 734,khachhang734@dataflow.vn,0910100558
CUST-100735,Trịnh Thúy Hằng 735,khachhang735@dataflow.vn,0910100695
CUST-100736,Nguyễn Văn An 736,khachhang736@dataflow.vn,0910100832
CUST-100737,Trần Thị Bình 737,khachhang737@dataflow.vn,0910100969
CUST-100738,Lê Hoàng Nam 738,khachhang738@dataflow.vn,0910101106
CUST-100739,Phạm Minh Đức 739,khachhang739@dataflow.vn,0910101243
CUST-100740,Vũ Thị Mai 740,khachhang740@dataflow.vn,0910101380
CUST-100741,Đặng Quốc Huy 741,khachhang741@dataflow.vn,0910101517
CUST-100742,Hoàng Thu Trang 742,khachhang742@dataflow.vn,0910101654
CUST-100743,Bùi Thanh Tùng 743,khachhang743@dataflow.vn,0910101791
CUST-100744,Đỗ Hải Yến 744,khachhang744@dataflow.vn,0910101928
CUST-100745,Ngô Quang Minh 745,khachhang745@dataflow.vn,0910102065
CUST-100746,Dương Bảo Ngọc 746,khachhang746@dataflow.vn,0910102202
CUST-100747,Lý Gia Bảo 747,khachhang747@dataflow.vn,0910102339
CUST-100748,Mai Phương Thảo 748,khachhang748@dataflow.vn,0910102476
CUST-100749,Hồ Đình Trọng 749,khachhang749@dataflow.vn,0910102613
CUST-100750,Trịnh Thúy Hằng 750,khachhang750@dataflow.vn,0910102750
CUST-100751,Nguyễn Văn An 751,khachhang751@dataflow.vn,0910102887
CUST-100752,Trần Thị Bình 752,khachhang752@dataflow.vn,0910103024
CUST-100753,Lê Hoàng Nam 753,khachhang753@dataflow.vn,0910103161
CUST-100754,Phạm Minh Đức 754,khachhang754@dataflow.vn,0910103298
CUST-100755,Vũ Thị Mai 755,khachhang755@dataflow.vn,0910103435
CUST-100756,Đặng Quốc Huy 756,khachhang756@dataflow.vn,0910103572
CUST-100757,Hoàng Thu Trang 757,khachhang757@dataflow.vn,0910103709
CUST-100758,Bùi Thanh Tùng 758,khachhang758@dataflow.vn,0910103846
CUST-100759,Đỗ Hải Yến 759,khachhang759@dataflow.vn,0910103983
CUST-100760,Ngô Quang Minh 760,khachhang760@dataflow.vn,0910104120
CUST-100761,Dương Bảo Ngọc 761,khachhang761@dataflow.vn,0910104257
CUST-100762,Lý Gia Bảo 762,khachhang762@dataflow.vn,0910104394
CUST-100763,Mai Phương Thảo 763,khachhang763@dataflow.vn,0910104531
CUST-100764,Hồ Đình Trọng 764,khachhang764@dataflow.vn,0910104668
CUST-100765,Trịnh Thúy Hằng 765,khachhang765@dataflow.vn,0910104805
CUST-100766,Nguyễn Văn An 766,khachhang766@dataflow.vn,0910104942
CUST-100767,Trần Thị Bình 767,khachhang767@dataflow.vn,0910105079
CUST-100768,Lê Hoàng Nam 768,khachhang768@dataflow.vn,0910105216
CUST-100769,Phạm Minh Đức 769,khachhang769@dataflow.vn,0910105353
CUST-100770,Vũ Thị Mai 770,khachhang770@dataflow.vn,0910105490
CUST-100771,Đặng Quốc Huy 771,khachhang771@dataflow.vn,0910105627
CUST-100772,Hoàng Thu Trang 772,khachhang772@dataflow.vn,0910105764
CUST-100773,Bùi Thanh Tùng 773,khachhang773@dataflow.vn,0910105901
CUST-100774,Đỗ Hải Yến 774,khachhang774@dataflow.vn,0910106038
CUST-100775,Ngô Quang Minh 775,khachhang775@dataflow.vn,0910106175
CUST-100776,Dương Bảo Ngọc 776,khachhang776@dataflow.vn,0910106312
CUST-100777,Lý Gia Bảo 777,khachhang777@dataflow.vn,0910106449
CUST-100778,Mai Phương Thảo 778,khachhang778@dataflow.vn,0910106586
CUST-100779,Hồ Đình Trọng 779,khachhang779@dataflow.vn,0910106723
CUST-100780,Trịnh Thúy Hằng 780,khachhang780@dataflow.vn,0910106860
CUST-100781,Nguyễn Văn An 781,khachhang781@dataflow.vn,0910106997
CUST-100782,Trần Thị Bình 782,khachhang782@dataflow.vn,0910107134
CUST-100783,Lê Hoàng Nam 783,khachhang783@dataflow.vn,0910107271
CUST-100784,Phạm Minh Đức 784,khachhang784@dataflow.vn,0910107408
CUST-100785,Vũ Thị Mai 785,khachhang785@dataflow.vn,0910107545
CUST-100786,Đặng Quốc Huy 786,khachhang786@dataflow.vn,0910107682
CUST-100787,Hoàng Thu Trang 787,khachhang787@dataflow.vn,0910107819
CUST-100788,Bùi Thanh Tùng 788,khachhang788@dataflow.vn,0910107956
CUST-100789,Đỗ Hải Yến 789,khachhang789@dataflow.vn,0910108093
CUST-100790,Ngô Quang Minh 790,khachhang790@dataflow.vn,0910108230
CUST-100791,Dương Bảo Ngọc 791,khachhang791@dataflow.vn,0910108367
CUST-100792,Lý Gia Bảo 792,khachhang792@dataflow.vn,0910108504
CUST-100793,Mai Phương Thảo 793,khachhang793@dataflow.vn,0910108641
CUST-100794,Hồ Đình Trọng 794,khachhang794@dataflow.vn,0910108778
CUST-100795,Trịnh Thúy Hằng 795,khachhang795@dataflow.vn,0910108915
CUST-100796,Nguyễn Văn An 796,khachhang796@dataflow.vn,0910109052
CUST-100797,Trần Thị Bình 797,khachhang797@dataflow.vn,0910109189
CUST-100798,Lê Hoàng Nam 798,khachhang798@dataflow.vn,0910109326
CUST-100799,Phạm Minh Đức 799,khachhang799@dataflow.vn,0910109463
CUST-100800,Vũ Thị Mai 800,khachhang800@dataflow.vn,0910109600
CUST-100801,Đặng Quốc Huy 801,khachhang801@dataflow.vn,0910109737
CUST-100802,Hoàng Thu Trang 802,khachhang802@dataflow.vn,0910109874
CUST-100803,Bùi Thanh Tùng 803,khachhang803@dataflow.vn,0910110011
CUST-100804,Đỗ Hải Yến 804,khachhang804@dataflow.vn,0910110148
CUST-100805,Ngô Quang Minh 805,khachhang805@dataflow.vn,0910110285
CUST-100806,Dương Bảo Ngọc 806,khachhang806@dataflow.vn,0910110422
CUST-100807,Lý Gia Bảo 807,khachhang807@dataflow.vn,0910110559
CUST-100808,Mai Phương Thảo 808,khachhang808@dataflow.vn,0910110696
CUST-100809,Hồ Đình Trọng 809,khachhang809@dataflow.vn,0910110833
CUST-100810,Trịnh Thúy Hằng 810,khachhang810@dataflow.vn,0910110970
CUST-100811,Nguyễn Văn An 811,khachhang811@dataflow.vn,0910111107
CUST-100812,Trần Thị Bình 812,khachhang812@dataflow.vn,0910111244
CUST-100813,Lê Hoàng Nam 813,khachhang813@dataflow.vn,0910111381
CUST-100814,Phạm Minh Đức 814,khachhang814@dataflow.vn,0910111518
CUST-100815,Vũ Thị Mai 815,khachhang815@dataflow.vn,0910111655
CUST-100816,Đặng Quốc Huy 816,khachhang816@dataflow.vn,0910111792
CUST-100817,Hoàng Thu Trang 817,khachhang817@dataflow.vn,0910111929
CUST-100818,Bùi Thanh Tùng 818,khachhang818@dataflow.vn,0910112066
CUST-100819,Đỗ Hải Yến 819,khachhang819@dataflow.vn,0910112203
CUST-100820,Ngô Quang Minh 820,khachhang820@dataflow.vn,0910112340
CUST-100821,Dương Bảo Ngọc 821,khachhang821@dataflow.vn,0910112477
CUST-100822,Lý Gia Bảo 822,khachhang822@dataflow.vn,0910112614
CUST-100823,Mai Phương Thảo 823,khachhang823@dataflow.vn,0910112751
CUST-100824,Hồ Đình Trọng 824,khachhang824@dataflow.vn,0910112888
CUST-100825,Trịnh Thúy Hằng 825,khachhang825@dataflow.vn,0910113025
CUST-100826,Nguyễn Văn An 826,khachhang826@dataflow.vn,0910113162
CUST-100827,Trần Thị Bình 827,khachhang827@dataflow.vn,0910113299
CUST-100828,Lê Hoàng Nam 828,khachhang828@dataflow.vn,0910113436
CUST-100829,Phạm Minh Đức 829,khachhang829@dataflow.vn,0910113573
CUST-100830,Vũ Thị Mai 830,khachhang830@dataflow.vn,0910113710
CUST-100831,Đặng Quốc Huy 831,khachhang831@dataflow.vn,0910113847
CUST-100832,Hoàng Thu Trang 832,khachhang832@dataflow.vn,0910113984
CUST-100833,Bùi Thanh Tùng 833,khachhang833@dataflow.vn,0910114121
CUST-100834,Đỗ Hải Yến 834,khachhang834@dataflow.vn,0910114258
CUST-100835,Ngô Quang Minh 835,khachhang835@dataflow.vn,0910114395
CUST-100836,Dương Bảo Ngọc 836,khachhang836@dataflow.vn,0910114532
CUST-100837,Lý Gia Bảo 837,khachhang837@dataflow.vn,0910114669
CUST-100838,Mai Phương Thảo 838,khachhang838@dataflow.vn,0910114806
CUST-100839,Hồ Đình Trọng 839,khachhang839@dataflow.vn,0910114943
CUST-100840,Trịnh Thúy Hằng 840,khachhang840@dataflow.vn,0910115080
CUST-100841,Nguyễn Văn An 841,khachhang841@dataflow.vn,0910115217
CUST-100842,Trần Thị Bình 842,khachhang842@dataflow.vn,0910115354
CUST-100843,Lê Hoàng Nam 843,khachhang843@dataflow.vn,0910115491
CUST-100844,Phạm Minh Đức 844,khachhang844@dataflow.vn,0910115628
CUST-100845,Vũ Thị Mai 845,khachhang845@dataflow.vn,0910115765
CUST-100846,Đặng Quốc Huy 846,khachhang846@dataflow.vn,0910115902
CUST-100847,Hoàng Thu Trang 847,khachhang847@dataflow.vn,0910116039
CUST-100848,Bùi Thanh Tùng 848,khachhang848@dataflow.vn,0910116176
CUST-100849,Đỗ Hải Yến 849,khachhang849@dataflow.vn,0910116313
CUST-100850,Ngô Quang Minh 850,khachhang850@dataflow.vn,0910116450
CUST-100851,Dương Bảo Ngọc 851,khachhang851@dataflow.vn,0910116587
CUST-100852,Lý Gia Bảo 852,khachhang852@dataflow.vn,0910116724
CUST-100853,Mai Phương Thảo 853,khachhang853@dataflow.vn,0910116861
CUST-100854,Hồ Đình Trọng 854,khachhang854@dataflow.vn,0910116998
CUST-100855,Trịnh Thúy Hằng 855,khachhang855@dataflow.vn,0910117135
CUST-100856,Nguyễn Văn An 856,khachhang856@dataflow.vn,0910117272
CUST-100857,Trần Thị Bình 857,khachhang857@dataflow.vn,0910117409
CUST-100858,Lê Hoàng Nam 858,khachhang858@dataflow.vn,0910117546
CUST-100859,Phạm Minh Đức 859,khachhang859@dataflow.vn,0910117683
CUST-100860,Vũ Thị Mai 860,khachhang860@dataflow.vn,0910117820
CUST-100861,Đặng Quốc Huy 861,khachhang861@dataflow.vn,0910117957
CUST-100862,Hoàng Thu Trang 862,khachhang862@dataflow.vn,0910118094
CUST-100863,Bùi Thanh Tùng 863,khachhang863@dataflow.vn,0910118231
CUST-100864,Đỗ Hải Yến 864,khachhang864@dataflow.vn,0910118368
CUST-100865,Ngô Quang Minh 865,khachhang865@dataflow.vn,0910118505
CUST-100866,Dương Bảo Ngọc 866,khachhang866@dataflow.vn,0910118642
CUST-100867,Lý Gia Bảo 867,khachhang867@dataflow.vn,0910118779
CUST-100868,Mai Phương Thảo 868,khachhang868@dataflow.vn,0910118916
CUST-100869,Hồ Đình Trọng 869,khachhang869@dataflow.vn,0910119053
CUST-100870,Trịnh Thúy Hằng 870,khachhang870@dataflow.vn,0910119190
CUST-100871,Nguyễn Văn An 871,khachhang871@dataflow.vn,0910119327
CUST-100872,Trần Thị Bình 872,khachhang872@dataflow.vn,0910119464
CUST-100873,Lê Hoàng Nam 873,khachhang873@dataflow.vn,0910119601
CUST-100874,Phạm Minh Đức 874,khachhang874@dataflow.vn,0910119738
CUST-100875,Vũ Thị Mai 875,khachhang875@dataflow.vn,0910119875
CUST-100876,Đặng Quốc Huy 876,khachhang876@dataflow.vn,0910120012
CUST-100877,Hoàng Thu Trang 877,khachhang877@dataflow.vn,0910120149
CUST-100878,Bùi Thanh Tùng 878,khachhang878@dataflow.vn,0910120286
CUST-100879,Đỗ Hải Yến 879,khachhang879@dataflow.vn,0910120423
CUST-100880,Ngô Quang Minh 880,khachhang880@dataflow.vn,0910120560
CUST-100881,Dương Bảo Ngọc 881,khachhang881@dataflow.vn,0910120697
CUST-100882,Lý Gia Bảo 882,khachhang882@dataflow.vn,0910120834
CUST-100883,Mai Phương Thảo 883,khachhang883@dataflow.vn,0910120971
CUST-100884,Hồ Đình Trọng 884,khachhang884@dataflow.vn,0910121108
CUST-100885,Trịnh Thúy Hằng 885,khachhang885@dataflow.vn,0910121245
CUST-100886,Nguyễn Văn An 886,khachhang886@dataflow.vn,0910121382
CUST-100887,Trần Thị Bình 887,khachhang887@dataflow.vn,0910121519
CUST-100888,Lê Hoàng Nam 888,khachhang888@dataflow.vn,0910121656
CUST-100889,Phạm Minh Đức 889,khachhang889@dataflow.vn,0910121793
CUST-100890,Vũ Thị Mai 890,khachhang890@dataflow.vn,0910121930
CUST-100891,Đặng Quốc Huy 891,khachhang891@dataflow.vn,0910122067
CUST-100892,Hoàng Thu Trang 892,khachhang892@dataflow.vn,0910122204
CUST-100893,Bùi Thanh Tùng 893,khachhang893@dataflow.vn,0910122341
CUST-100894,Đỗ Hải Yến 894,khachhang894@dataflow.vn,0910122478
CUST-100895,Ngô Quang Minh 895,khachhang895@dataflow.vn,0910122615
CUST-100896,Dương Bảo Ngọc 896,khachhang896@dataflow.vn,0910122752
CUST-100897,Lý Gia Bảo 897,khachhang897@dataflow.vn,0910122889
CUST-100898,Mai Phương Thảo 898,khachhang898@dataflow.vn,0910123026
CUST-100899,Hồ Đình Trọng 899,khachhang899@dataflow.vn,0910123163
CUST-100900,Trịnh Thúy Hằng 900,khachhang900@dataflow.vn,0910123300
CUST-100901,Nguyễn Văn An 901,khachhang901@dataflow.vn,0910123437
CUST-100902,Trần Thị Bình 902,khachhang902@dataflow.vn,0910123574
CUST-100903,Lê Hoàng Nam 903,khachhang903@dataflow.vn,0910123711
CUST-100904,Phạm Minh Đức 904,khachhang904@dataflow.vn,0910123848
CUST-100905,Vũ Thị Mai 905,khachhang905@dataflow.vn,0910123985
CUST-100906,Đặng Quốc Huy 906,khachhang906@dataflow.vn,0910124122
CUST-100907,Hoàng Thu Trang 907,khachhang907@dataflow.vn,0910124259
CUST-100908,Bùi Thanh Tùng 908,khachhang908@dataflow.vn,0910124396
CUST-100909,Đỗ Hải Yến 909,khachhang909@dataflow.vn,0910124533
CUST-100910,Ngô Quang Minh 910,khachhang910@dataflow.vn,0910124670
CUST-100911,Dương Bảo Ngọc 911,khachhang911@dataflow.vn,0910124807
CUST-100912,Lý Gia Bảo 912,khachhang912@dataflow.vn,0910124944
CUST-100913,Mai Phương Thảo 913,khachhang913@dataflow.vn,0910125081
CUST-100914,Hồ Đình Trọng 914,khachhang914@dataflow.vn,0910125218
CUST-100915,Trịnh Thúy Hằng 915,khachhang915@dataflow.vn,0910125355
CUST-100916,Nguyễn Văn An 916,khachhang916@dataflow.vn,0910125492
CUST-100917,Trần Thị Bình 917,khachhang917@dataflow.vn,0910125629
CUST-100918,Lê Hoàng Nam 918,khachhang918@dataflow.vn,0910125766
CUST-100919,Phạm Minh Đức 919,khachhang919@dataflow.vn,0910125903
CUST-100920,Vũ Thị Mai 920,khachhang920@dataflow.vn,0910126040
CUST-100921,Đặng Quốc Huy 921,khachhang921@dataflow.vn,0910126177
CUST-100922,Hoàng Thu Trang 922,khachhang922@dataflow.vn,0910126314
CUST-100923,Bùi Thanh Tùng 923,khachhang923@dataflow.vn,0910126451
CUST-100924,Đỗ Hải Yến 924,khachhang924@dataflow.vn,0910126588
CUST-100925,Ngô Quang Minh 925,khachhang925@dataflow.vn,0910126725
CUST-100926,Dương Bảo Ngọc 926,khachhang926@dataflow.vn,0910126862
CUST-100927,Lý Gia Bảo 927,khachhang927@dataflow.vn,0910126999
CUST-100928,Mai Phương Thảo 928,khachhang928@dataflow.vn,0910127136
CUST-100929,Hồ Đình Trọng 929,khachhang929@dataflow.vn,0910127273
CUST-100930,Trịnh Thúy Hằng 930,khachhang930@dataflow.vn,0910127410
CUST-100931,Nguyễn Văn An 931,khachhang931@dataflow.vn,0910127547
CUST-100932,Trần Thị Bình 932,khachhang932@dataflow.vn,0910127684
CUST-100933,Lê Hoàng Nam 933,khachhang933@dataflow.vn,0910127821
CUST-100934,Phạm Minh Đức 934,khachhang934@dataflow.vn,0910127958
CUST-100935,Vũ Thị Mai 935,khachhang935@dataflow.vn,0910128095
CUST-100936,Đặng Quốc Huy 936,khachhang936@dataflow.vn,0910128232
CUST-100937,Hoàng Thu Trang 937,khachhang937@dataflow.vn,0910128369
CUST-100938,Bùi Thanh Tùng 938,khachhang938@dataflow.vn,0910128506
CUST-100939,Đỗ Hải Yến 939,khachhang939@dataflow.vn,0910128643
CUST-100940,Ngô Quang Minh 940,khachhang940@dataflow.vn,0910128780
CUST-100941,Dương Bảo Ngọc 941,khachhang941@dataflow.vn,0910128917
CUST-100942,Lý Gia Bảo 942,khachhang942@dataflow.vn,0910129054
CUST-100943,Mai Phương Thảo 943,khachhang943@dataflow.vn,0910129191
CUST-100944,Hồ Đình Trọng 944,khachhang944@dataflow.vn,0910129328
CUST-100945,Trịnh Thúy Hằng 945,khachhang945@dataflow.vn,0910129465
CUST-100946,Nguyễn Văn An 946,khachhang946@dataflow.vn,0910129602
CUST-100947,Trần Thị Bình 947,khachhang947@dataflow.vn,0910129739
CUST-100948,Lê Hoàng Nam 948,khachhang948@dataflow.vn,0910129876
CUST-100949,Phạm Minh Đức 949,khachhang949@dataflow.vn,0910130013
CUST-100950,Vũ Thị Mai 950,khachhang950@dataflow.vn,0910130150
CUST-100951,Đặng Quốc Huy 951,khachhang951@dataflow.vn,0910130287
CUST-100952,Hoàng Thu Trang 952,khachhang952@dataflow.vn,0910130424
CUST-100953,Bùi Thanh Tùng 953,khachhang953@dataflow.vn,0910130561
CUST-100954,Đỗ Hải Yến 954,khachhang954@dataflow.vn,0910130698
CUST-100955,Ngô Quang Minh 955,khachhang955@dataflow.vn,0910130835
CUST-100956,Dương Bảo Ngọc 956,khachhang956@dataflow.vn,0910130972
CUST-100957,Lý Gia Bảo 957,khachhang957@dataflow.vn,0910131109
CUST-100958,Mai Phương Thảo 958,khachhang958@dataflow.vn,0910131246
CUST-100959,Hồ Đình Trọng 959,khachhang959@dataflow.vn,0910131383
CUST-100960,Trịnh Thúy Hằng 960,khachhang960@dataflow.vn,0910131520
CUST-100961,Nguyễn Văn An 961,khachhang961@dataflow.vn,0910131657
CUST-100962,Trần Thị Bình 962,khachhang962@dataflow.vn,0910131794
CUST-100963,Lê Hoàng Nam 963,khachhang963@dataflow.vn,0910131931
CUST-100964,Phạm Minh Đức 964,khachhang964@dataflow.vn,0910132068
CUST-100965,Vũ Thị Mai 965,khachhang965@dataflow.vn,0910132205
CUST-100966,Đặng Quốc Huy 966,khachhang966@dataflow.vn,0910132342
CUST-100967,Hoàng Thu Trang 967,khachhang967@dataflow.vn,0910132479
CUST-100968,Bùi Thanh Tùng 968,khachhang968@dataflow.vn,0910132616
CUST-100969,Đỗ Hải Yến 969,khachhang969@dataflow.vn,0910132753
CUST-100970,Ngô Quang Minh 970,khachhang970@dataflow.vn,0910132890
CUST-100971,Dương Bảo Ngọc 971,khachhang971@dataflow.vn,0910133027
CUST-100972,Lý Gia Bảo 972,khachhang972@dataflow.vn,0910133164
CUST-100973,Mai Phương Thảo 973,khachhang973@dataflow.vn,0910133301
CUST-100974,Hồ Đình Trọng 974,khachhang974@dataflow.vn,0910133438
CUST-100975,Trịnh Thúy Hằng 975,khachhang975@dataflow.vn,0910133575
CUST-100976,Nguyễn Văn An 976,khachhang976@dataflow.vn,0910133712
CUST-100977,Trần Thị Bình 977,khachhang977@dataflow.vn,0910133849
CUST-100978,Lê Hoàng Nam 978,khachhang978@dataflow.vn,0910133986
CUST-100979,Phạm Minh Đức 979,khachhang979@dataflow.vn,0910134123
CUST-100980,Vũ Thị Mai 980,khachhang980@dataflow.vn,0910134260
CUST-100981,Đặng Quốc Huy 981,khachhang981@dataflow.vn,0910134397
CUST-100982,Hoàng Thu Trang 982,khachhang982@dataflow.vn,0910134534
CUST-100983,Bùi Thanh Tùng 983,khachhang983@dataflow.vn,0910134671
CUST-100984,Đỗ Hải Yến 984,khachhang984@dataflow.vn,0910134808
CUST-100985,Ngô Quang Minh 985,khachhang985@dataflow.vn,0910134945
CUST-100986,Dương Bảo Ngọc 986,khachhang986@dataflow.vn,0910135082
CUST-100987,Lý Gia Bảo 987,khachhang987@dataflow.vn,0910135219
CUST-100988,Mai Phương Thảo 988,khachhang988@dataflow.vn,0910135356
CUST-100989,Hồ Đình Trọng 989,khachhang989@dataflow.vn,0910135493
CUST-100990,Trịnh Thúy Hằng 990,khachhang990@dataflow.vn,0910135630
CUST-100991,Nguyễn Văn An 991,khachhang991@dataflow.vn,0910135767
CUST-100992,Trần Thị Bình 992,khachhang992@dataflow.vn,0910135904
CUST-100993,Lê Hoàng Nam 993,khachhang993@dataflow.vn,0910136041
CUST-100994,Phạm Minh Đức 994,khachhang994@dataflow.vn,0910136178
CUST-100995,Vũ Thị Mai 995,khachhang995@dataflow.vn,0910136315
CUST-100996,Đặng Quốc Huy 996,khachhang996@dataflow.vn,0910136452
CUST-100997,Hoàng Thu Trang 997,khachhang997@dataflow.vn,0910136589
CUST-100998,Bùi Thanh Tùng 998,khachhang998@dataflow.vn,0910136726
CUST-100999,Đỗ Hải Yến 999,khachhang999@dataflow.vn,0910136863
CUST-101000,Ngô Quang Minh 1000,khachhang1000@dataflow.vn,0910137000
